pdb,Group,p1p1x,p2p2x,h_cgvc,ang_NHs,ang_CHs,dist_NH,dist_CH,h_scvc,V10,Row.names,Probablity
1ATP_E,CIDI,1,1,1,30.99932806,30.60815986,6.806977272,8.163104057,1,0,1ATP_E,v
1atp,CIDI,1,1,1,30.99932806,30.60815986,6.806977272,8.163104057,1,0,1atp,v
1CKI_A,CIDI,0.994674455,0.995062638,0.921315851,43.57608705,17.10167535,7.259484291,7.664031029,0.958505962,0,1CKI_A,v
1EH4_A,CIDI,0.987931132,0.95821977,0.928859529,43.58894732,13.94200628,7.105586529,7.240621567,0.975494221,0,1EH4_A,v
1J91_A,CIDI,0.9891318,0.986495063,0.990538784,31.78801423,20.55999569,7.439645767,8.682810783,0.99581244,0,1J91_A,v
1JKK_A,CIDI,0.998708424,0.999552009,0.981969547,37.65581609,19.15677262,7.559331417,8.65489006,0.99904123,0,1JKK_A,v
1M2P_A,CIDI,0.9786178,0.994110491,0.988612717,31.38391988,19.8069605,7.599447727,8.564091682,0.994069571,0,1M2P_A,v
1M2Q_A,CIDI,0.938237917,0.992356236,0.995687657,28.16292698,21.88020981,7.375895977,8.634356499,0.993958752,0,1M2Q_A,v
1OL1_A,CIDI,0.971044523,0.987734043,0.950742414,27.94809109,23.64523185,7.032135487,7.092386246,0.962453567,0,1OL1_A,v
1OUY_A,CIDI,0.908328634,0.93286729,0.995787805,28.38100488,36.20607201,7.610219479,8.793808937,0.982013437,0,1OUY_A,v
1P38_A,CIDI,0.931382603,0.856539045,0.99708605,32.90097449,33.31861505,8.546379089,9.72371006,0.983265837,0,1P38_A,v
1PKG_A,CIDI,0.996756576,0.996333795,0.98212418,34.43802448,26.4855273,6.165413857,7.419613838,0.95310502,0,1PKG_A,v
1QPE_A,CIDI,0.945856405,0.989213091,0.932916981,43.35839809,19.9904528,7.25644207,7.868350983,0.971898749,0,1QPE_A,v
1STC_E,CIDI,0.999982584,0.996495733,0.998576291,35.37859684,32.43214827,7.085965157,7.656857491,0.987141681,0,1STC_E,v
1UKI_A,CIDI,0.893461598,0.464775104,0.9802355,34.86925181,31.68221095,7.555851936,8.39548111,0.997410358,0,1UKI_A,v
1YI6_A,CIDI,0.974880478,0.997557012,0.994691137,28.93214899,36.7491424,6.714672089,6.564118862,0.986211371,0,1YI6_A,v
1ZRZ_A,CIDI,0.992556212,0.966031331,0.982467394,24.99674708,31.3803519,6.841151237,7.910636902,0.981762293,0,1ZRZ_A,v
2B7A_A,CIDI,0.868182392,0.998338605,0.949249027,43.4700501,26.00966615,7.066112518,9.092849731,0.980639062,0,2B7A_A,v
2BDF_A,CIDI,0.998442442,0.996156447,0.941439076,42.65298333,18.4754707,7.36905098,7.046482086,0.972979295,0,2BDF_A,v
2BDJ_A,CIDI,0.96792492,0.999360369,0.949986261,44.12406175,16.20425534,7.533911228,7.557844162,0.983871701,0,2BDJ_A,v
2BZJ_A,CIDI,0.990135493,0.996749293,0.947246372,33.93233685,18.00868046,7.62604332,8.168372154,0.956294149,0,2BZJ_A,v
2C5V_A,CIDI,0.979447809,0.988204039,0.928749272,41.23289567,10.75831889,7.709638119,7.134141922,0.959860267,0,2C5V_A,v
2DQ7_X,CIDI,0.998719439,0.997391439,0.915030337,46.842063,15.0993163,6.864439487,8.227056503,0.971622837,0,2DQ7_X,v
2E9V_A,CIDI,0.955312409,0.982715825,0.980624501,35.33326668,20.75561423,7.438396454,8.098643303,0.997333898,0,2E9V_A,v
2F4J_A,CIDI,0.998413453,0.991071375,0.951358698,39.11402566,22.73596076,6.766619205,8.303371429,0.980186441,0,2F4J_A,v
2FB8_A,CIDI,0.947570953,0.997935295,0.961858129,32.96550635,15.91519029,7.738158226,8.581277847,0.983146596,0,2FB8_A,v
2HXL_A,CIDI,0.987984534,0.993433199,0.977316182,35.79610845,20.43027786,7.284885406,8.148457527,0.994573506,0,2HXL_A,v
2ITZ_A,CIDI,0.945172186,0.99912624,0.933782698,48.48316023,24.568009,7.87679863,7.717351437,0.984076546,0,2ITZ_A,v
2NO3_A,CIDI,0.917144906,0.993019291,0.992624766,22.73682891,35.9734484,6.663378239,7.00353241,0.991732193,0,2NO3_A,v
2NRU_A,CIDI,0.953426451,0.999986878,0.93924058,18.08996372,33.55855442,8.286324501,7.255918503,0.944366245,0,2NRU_A,v
2P33_A,CIDI,0.904832878,0.588200158,0.977821054,22.94938581,41.46386904,7.617442131,7.051096439,0.984959946,0,2P33_A,v
2QKR_A,CIDI,0.993601958,0.989975397,0.953746891,36.24186364,13.09487689,7.639121532,7.716846466,0.982577633,0,2QKR_A,v
2UW9_A,CIDI,0.884446204,0.992587926,0.990714452,28.70067832,23.46416682,7.3381567,7.223581791,0.996421126,0,2UW9_A,v
2WTC_A,CIDI,0.998963722,0.999575325,0.960499382,31.92360499,16.24154694,7.84671402,7.750517845,0.982499958,0,2WTC_A,v
2X2L_A,CIDI,0.959384751,0.996445181,0.923752213,33.78223274,19.79256456,6.020348072,7.190125465,0.941067248,0,2X2L_A,v
2XBJ_A,CIDI,0.998618709,0.997687275,0.954485403,38.27408486,13.18169469,8.671340942,8.060048103,0.984123915,0,2XBJ_A,v
2YCR_A,CIDI,0.997687849,0.997088776,0.946798472,38.15339291,13.81771766,8.656963348,8.269980431,0.978257217,0,2YCR_A,v
2YN8_A,CIDI,0.94265584,0.955132383,0.962297401,41.48152941,21.54138778,6.642653465,8.100955009,0.983076385,0,2YN8_A,v
2Z60_A,CIDI,0.993751245,0.994326718,0.950002251,41.55065894,19.2426273,6.744982719,8.777217865,0.986721163,0,2Z60_A,v
2ZOQ_A,CIDI,0.93424373,0.993457357,0.980468643,32.39089488,19.86332105,7.575855255,7.279101849,0.997926451,0,2ZOQ_A,v
3A4O_X,CIDI,0.998225935,0.964082175,0.88870944,59.46269688,21.5180824,8.239906311,8.246055603,0.962354265,0,3A4O_X,v
3ANR_A,CIDI,0.987626106,0.988371313,0.952328396,34.94357558,14.38893478,7.379783154,7.923924923,0.978589786,0,3ANR_A,v
3BGP_A,CIDI,0.993422266,0.989188894,0.980334062,31.40647952,25.47261288,6.984312057,7.838185787,0.980155995,0,3BGP_A,v
3CGF_A,CIDI,0.854313681,0.576799891,0.976296806,26.98637698,37.57436765,7.908993721,6.771460056,0.990989432,0,3CGF_A,v
3CJG_A,CIDI,0.926996588,0.996204672,0.955634195,46.33132326,35.24719268,6.413370132,9.246592522,0.993762166,0,3CJG_A,v
3CQW_A,CIDI,0.994707404,0.988336123,0.9776144,31.20650176,19.95070435,7.240490437,7.182522774,0.986614493,0,3CQW_A,v
3DLS_A,CIDI,0.998654016,0.995990529,0.987533326,30.70798937,27.53188107,6.725019932,7.864964485,0.985929418,0,3DLS_A,v
3FXW_A,CIDI,0.918423428,0.966820236,0.992910234,37.18342798,26.18486923,6.870440006,7.837993622,0.99777734,0,3FXW_A,v
3GEQ_A,CIDI,0.99817163,0.996766056,0.957007409,41.3619061,15.61457454,6.825846195,7.742856503,0.983686899,0,3GEQ_A,v
3IOK_A,CIDI,0.871199607,0.997505367,0.955199334,42.45939566,25.93871227,7.249957561,9.044763565,0.972968952,0,3IOK_A,v
3KCF_A,CIDI,0.994799992,0.971414232,0.909262926,40.34600984,12.62228327,7.80291748,7.095072269,0.900134712,0,3KCF_A,v
3KF7_A,CIDI,0.774499093,0.689549173,0.995181757,28.98263537,37.57326985,7.469560146,8.061372757,0.995880999,0,3KF7_A,v
3LCK_A,CIDI,0.988016167,0.996954651,0.935399088,49.49732398,13.81996077,8.464950562,8.255753517,0.97462845,0,3LCK_A,v
3LVP_A,CIDI,0.988558173,0.984281067,0.821060367,65.44477153,31.27009221,8.869862556,8.879541397,0.8923824,0,3LVP_A,v
3MY1_A,CIDI,0.97833547,0.981060941,0.992368731,35.51274725,20.24554425,7.464344025,8.704752922,0.998233006,0,3MY1_A,v
3NYN_A,CIDI,0.985614685,0.974872955,0.940050058,35.2299618,12.83522584,6.916679859,7.312989235,0.975121549,0,3NYN_A,v
3OOG_A,CIDI,0.999756814,0.997809857,0.984735182,34.04200995,19.92881118,7.270381451,7.876873493,0.998110173,0,3OOG_A,v
3Q32_A,CIDI,0.888799479,0.999132618,0.935069278,44.41292822,26.26899787,7.178598404,9.248828888,0.975925265,0,3Q32_A,v
3RI1_A,CIDI,0.995346379,0.998234689,0.945399617,44.85829107,17.82770592,6.856029987,8.487885475,0.978232042,0,3RI1_A,v
3RWP_A,CIDI,0.971518816,0.992273871,0.993743075,30.55205814,25.79826169,7.027745247,7.52035284,0.988394734,0,3RWP_A,v
3UP2_A,CIDI,0.938073336,0.998654471,0.963084887,42.83041547,21.75652348,8.750305176,8.260416985,0.992622028,0,3UP2_A,v
3VBT_A,CIDI,0.82366868,0.992787419,0.97391158,31.65785739,22.3027241,7.206790924,8.085194588,0.97587036,0,3VBT_A,v
3VJO_A,CIDI,0.992278571,0.9955606,0.91999109,53.65706826,19.09159884,9.173810005,8.069332123,0.976410911,0,3VJO_A,v
3ZEW_A,CIDI,0.984560967,0.997272172,0.913332304,51.9706022,13.87958473,7.462974548,7.902584076,0.965394872,0,3ZEW_A,v
4AE6_A,CIDI,0.961233483,0.996525161,0.974724269,46.79911396,20.67732757,8.886778831,8.856679916,0.994962559,0,4AE6_A,v
4BB4_A,CIDI,0.936072647,0.970936993,0.94471777,40.93074942,22.87692262,7.531241417,7.351230621,0.960318488,0,4BB4_A,v
4BKZ_A,CIDI,0.980231222,0.986854318,0.936518712,41.17503739,12.08705297,8.151600838,6.862640858,0.963546584,0,4BKZ_A,v
4CFM_A,CIDI,0.994483972,0.996455244,0.975411142,26.36554524,26.01109882,7.14431715,7.761564732,0.981501669,0,4CFM_A,v
4CLI_A,CIDI,0.976092164,0.995487133,0.989506523,33.97717736,42.99541913,6.32638073,8.695364952,0.98672994,0,4CLI_A,v
4DFN_A,CIDI,0.993145085,0.994278607,0.960060101,36.08611062,19.82275707,7.608555794,8.347855568,0.984964528,0,4DFN_A,v
4EHZ_A,CIDI,0.853721144,0.998577086,0.93813598,42.03589314,20.30550243,6.55120182,8.928915977,0.968927575,0,4EHZ_A,v
4F9Y_A,CIDI,0.633153651,0.713354682,0.997945412,29.10321107,39.67555588,7.810197353,8.142096519,0.993452041,0,4F9Y_A,v
4FTC_A,CIDI,0.961390726,0.99016546,0.985637328,32.93904755,21.95034186,7.025275707,8.117031097,0.994731463,0,4FTC_A,v
4FV7_A,CIDI,0.985489179,0.992103451,0.991843066,32.29061946,20.87984475,7.680086136,7.641268253,0.998811985,0,4FV7_A,v
4G6L_A,CIDI,0.909737748,0.895146866,0.992285657,28.66907976,23.4502758,7.561849117,9.396727562,0.996811315,0,4G6L_A,v
4GMY_A,CIDI,0.933426563,0.975930589,0.961499377,42.26137082,23.13450825,6.969560146,8.889142036,0.980005454,0,4GMY_A,v
4II5_A,CIDI,0.993624197,0.995942703,0.980646166,31.62846173,20.68604261,7.18777895,7.759003639,0.993632239,0,4II5_A,v
4IWD_A,CIDI,0.906672337,0.997474779,0.983466125,35.42546051,45.31080159,6.08462429,7.989510059,0.989454018,0,4IWD_A,v
4JBO_A,CIDI,0.999597079,0.99732953,0.927024665,36.92011994,13.01353485,9.749027252,7.703858376,0.96400081,0,4JBO_A,v
4JDK_A,CIDI,0.987842211,0.99578333,0.967735277,30.26310606,43.45860877,6.794776917,8.381022453,0.990272163,0,4JDK_A,v
4JS8_A,CIDI,0.899999712,0.747063144,0.930104637,50.13011043,24.19429773,8.789888382,7.627810001,0.888683569,0,4JS8_A,v
4KKE_A,CIDI,0.888308465,0.61592137,0.904451121,53.60412626,32.54570476,9.496906281,6.903086662,0.924570934,0,4KKE_A,v
4L43_A,CIDI,0.93243978,0.976934908,0.990822268,31.83413006,18.45622413,7.711472034,8.206707954,0.993140428,0,4L43_A,v
4MNE_B,CIDI,0.994294499,0.997393769,0.991526582,32.63724854,19.96273688,7.628980637,9.161402702,0.995687433,0,4MNE_B,v
4NH1_A,CIDI,0.992667232,0.998212493,0.983455883,32.9228791,18.7620013,7.563305855,8.564646721,0.996708238,0,4NH1_A,v
4QP1_A,CIDI,0.996008267,0.992814396,0.917719332,40.51625601,14.34294456,9.204486847,6.895583153,0.955362576,0,4QP1_A,v
4RRV_A,CIDI,0.996838905,0.988873661,0.96584032,29.41448667,28.24078328,7.161559105,7.414607525,0.970967649,0,4RRV_A,v
4TYH_A,CIDI,0.914462753,0.974126931,0.951304612,48.1769527,30.21409687,8.472224236,9.101160049,0.940813189,0,4TYH_A,v
4W9X_A,CIDI,0.980529776,0.999163985,0.976958976,36.56083439,21.26514355,7.339632511,8.06511879,0.986996032,0,4W9X_A,v
4WNO_A,CIDI,0.97158701,0.986802304,0.909986333,39.17223712,14.38638536,7.082296848,7.290670395,0.942710994,0,4WNO_A,v
4XG8_A,CIDI,0.967130749,0.993997366,0.98039204,34.48668948,26.21978575,7.148111343,7.919599056,0.994710556,0,4XG8_A,v
4ZP5_A,CIDI,0.905132828,0.817174902,0.755085235,54.47796729,52.49115472,9.202466965,10.80461979,0.823553592,0,4ZP5_A,v
5AIR_A,CIDI,0.936735266,0.988545767,0.986349038,40.68705267,23.72755902,7.225605965,8.948571205,0.99752366,0,5AIR_A,v
5AP3_A,CIDI,0.905907169,0.735377722,0.921684639,52.77231938,24.32511441,9.379014015,7.62944746,0.88269285,0,5AP3_A,v
5AV1_A,CIDI,0.992553859,0.998452664,0.989601664,35.60815622,20.763647,7.682007313,8.80786705,0.999882688,0,5AV1_A,v
5C8N_A,CIDI,0.989448174,0.992201834,0.95917916,44.58263594,23.10469621,7.482199192,7.772334099,0.992306173,0,5C8N_A,v
5DR9_A,CIDI,0.994187901,0.995625945,0.923757064,46.29931458,13.38939725,9.399056435,8.422544479,0.970951281,0,5DR9_A,v
5EYK_A,CIDI,0.992380001,0.993356355,0.919912523,57.7618798,17.24047017,10.46654797,8.351932526,0.964764909,0,5EYK_A,v
5J1V_A,CIDI,0.997166686,0.99968305,0.901809639,34.38556873,15.62289744,7.601971626,7.512708664,0.937120909,0,5J1V_A,v
5KHW_A,CIDI,0.966805642,0.993245162,0.958546164,NA,NA,NA,NA,0.977080979,0,5KHW_A,v
5KHX_A,CIDI,0.883901798,0.996577734,0.950767591,41.02393217,20.55831997,6.343796253,8.952396393,0.981860222,0,5KHX_A,v
5KZ0_A,CIDI,0.983133988,0.990636914,0.935783931,41.57856911,23.48400513,6.53208065,8.698555946,0.980581228,0,5KZ0_A,v
5L3A_A,CIDI,0.985648173,0.998201906,0.966731859,42.23907268,20.29118228,7.089773655,8.584681511,0.989546488,0,5L3A_A,v
5LMA_A,CIDI,0.983857273,0.995264004,0.973646761,36.32681786,20.04084339,7.021169662,8.290434837,0.995067367,0,5LMA_A,v
5LMB_A,CIDI,0.983232093,0.997849456,0.967589372,37.56258213,19.56888626,6.861730099,8.461466789,0.99099934,0,5LMB_A,v
5LWN_A,CIDI,0.99010294,0.984210567,0.983474462,38.19329547,18.9790555,6.624758244,9.142464638,0.992696104,0,5LWN_A,v
5T68_A,CIDI,0.954629216,0.996297629,0.938740667,44.20678976,14.4438047,7.281036854,7.926370144,0.977387671,0,5T68_A,v
5TOZ_A,CIDI,0.984227042,0.989097391,0.978488192,40.36143591,19.54679792,6.7485919,8.730781555,0.994656294,0,5TOZ_A,v
5TR6_A,CIDI,0.986769299,0.999338099,0.959207847,38.29539894,18.32885055,8.821896553,8.253027916,0.988632889,0,5TR6_A,v
5TT7_A,CIDI,0.99379657,0.997787858,0.960876565,39.61775276,18.5151397,6.797792435,8.161649704,0.988832715,0,5TT7_A,v
1UWH_A,CIDO,-0.91980725,-0.925431666,0.987718848,29.56893923,25.7471334,7.088084221,9.34426403,0.987906878,0,1UWH_A,v
1WBN_A,CIDO,-0.800600882,-0.744522792,0.99939802,31.89985601,28.48763993,7.857137203,10.45957851,0.986675977,0,1WBN_A,v
2BAJ_A,CIDO,-0.72988729,-0.736337816,0.990545304,29.82955474,29.24155402,7.106167316,9.658080101,0.998620371,0,2BAJ_A,v
2H6D_A,CIDO,-0.635180839,-0.824858077,0.716730902,75.38596961,47.72295178,10.8655386,11.40232468,0.833880931,0,2H6D_A,v
2HZ0_A,CIDO,-0.757761235,-0.712922945,0.966202686,36.873829,15.70313364,6.857692719,10.02543831,0.990587591,0,2HZ0_A,v
2OFV_A,CIDO,-0.667512268,-0.788981014,0.912209586,44.85421442,22.74078814,7.050630093,9.949567795,0.942301023,0,2OFV_A,v
2OG8_A,CIDO,-0.651131745,-0.768112349,0.974787566,42.96149999,24.34781083,6.871246338,10.09935665,0.991727493,0,2OG8_A,v
2OH4_A,CIDO,-0.562424158,-0.521885462,0.982976351,38.41156175,23.90361637,6.473623753,10.0429821,0.996511522,0,2OH4_A,v
2P2I_A,CIDO,-0.694446637,-0.760507524,0.97069631,42.0549841,10.69993385,7.017020702,9.892422676,0.996297572,0,2P2I_A,v
2P4I_A,CIDO,-0.68972497,-0.816765954,0.9562085,47.34515728,46.67084409,7.39268589,12.19420815,0.999632088,0,2P4I_A,v
2PL0_A,CIDO,-0.714292586,-0.787432197,0.95172213,44.35993236,22.40188343,7.318692684,9.755108833,0.977992422,0,2PL0_A,v
2QU5_A,CIDO,-0.787737963,-0.830511352,0.969678629,37.90002688,11.85419454,7.101224422,9.465154648,0.993234715,0,2QU5_A,v
2RL5_A,CIDO,-0.746080442,-0.810534453,0.96653257,47.0358778,17.89902515,7.134028912,10.00512981,0.992858901,0,2RL5_A,v
2YIY_A,CIDO,-0.790197249,-0.889205412,0.98274,32.84131858,30.22495923,6.508884907,9.606235504,0.994070982,0,2YIY_A,v
2YZA_A,CIDO,-0.750898934,-0.875051902,0.699232582,76.57127491,48.28803387,11.16464806,11.46970654,0.821380696,0,2YZA_A,v
3CTH_A,CIDO,-0.705238361,-0.681545186,0.932785176,50.42841067,41.360963,7.504652023,9.851938248,0.929686041,0,3CTH_A,v
3CTJ_A,CIDO,-0.673985353,-0.610271655,0.890931032,45.48378724,56.71967361,6.842422485,10.40093136,0.966759119,0,3CTJ_A,v
3DKO_A,CIDO,-0.835342486,-0.920274347,0.965518988,39.09644608,28.99973943,7.008239746,9.21303463,0.98831056,0,3DKO_A,v
3DZQ_A,CIDO,-0.768492202,-0.870571128,0.986124577,42.58654617,27.53489162,7.538640022,9.505019188,0.998657178,0,3DZQ_A,v
3EL7_A,CIDO,-0.669240883,-0.787834271,0.973299583,40.70092831,19.16029365,7.276830196,8.230212212,0.993347482,0,3EL7_A,v
3EL8_A,CIDO,-0.548984816,-0.756648904,0.982566905,37.72894303,26.99955794,7.067703724,8.628147125,0.994540373,0,3EL8_A,v
3ETA_A,CIDO,-0.81461038,-0.839745738,0.86176765,52.00676751,10.64874345,7.285274506,9.986609459,0.91906832,0,3ETA_A,v
3EWH_A,CIDO,-0.789848501,-0.81467049,0.979754065,40.77112772,24.76433129,6.937500954,10.2729578,0.996462752,0,3EWH_A,v
3F82_A,CIDO,-0.741220204,-0.712367197,0.67269074,74.04083079,47.3703159,10.20746422,10.15226364,0.777227377,0,3F82_A,v
3FZT_A,CIDO,-0.644047415,-0.780117695,0.931345958,44.71756879,22.39113824,7.088309288,10.36965275,0.965592892,0,3FZT_A,v
3GCV_A,CIDO,-0.797870197,-0.881919195,0.998627264,32.68595464,23.27264204,8.015571594,10.23220539,0.986115426,0,3GCV_A,v
3HV5_A,CIDO,-0.884298853,-0.845941306,0.999974338,31.87513664,27.89519416,7.207657337,10.21407413,0.991908851,0,3HV5_A,v
3II5_A,CIDO,-0.896752076,-0.913604483,0.996052011,32.01953283,26.22010676,7.981500149,10.06053257,0.995300928,0,3II5_A,v
3KQ7_A,CIDO,-0.790735641,-0.775983669,0.998207966,32.2421001,29.69695483,7.546494961,10.01372814,0.984595832,0,3KQ7_A,v
3L8V_A,CIDO,-0.762406531,-0.736297398,0.707867618,72.18873939,47.31319494,9.417430878,9.283633232,0.783091627,0,3L8V_A,v
3NPC_A,CIDO,-0.863428803,-0.921728411,0.971491252,23.62797312,34.52174342,7.212755203,9.450329781,0.969794404,0,3NPC_A,v
3O23_A,CIDO,-0.804776618,-0.110939343,0.768384165,75.47714096,37.85095843,9.779452324,12.47776127,0.824563691,0,3O23_A,v
3QRK_A,CIDO,-0.73286666,-0.834797078,0.982987867,34.06338412,29.38377944,6.763299942,9.57094574,0.99452134,0,3QRK_A,v
3TUB_A,CIDO,-0.751097835,-0.826145206,0.975433009,37.28349291,31.37256502,7.05677557,9.5900383,0.989476574,0,3TUB_A,v
3TUD_A,CIDO,-0.743785363,-0.825901128,0.952532211,40.0644487,22.41072294,7.828418732,10.74890423,0.980360115,0,3TUD_A,v
3U6J_A,CIDO,-0.603871258,-0.588404818,0.933581932,52.95269739,38.91254449,6.89810276,9.693480492,0.980213684,0,3U6J_A,v
3UGC_A,CIDO,-0.699796776,-0.644487411,0.985687601,36.14680694,24.57279173,7.060939789,9.730197906,0.997464402,0,3UGC_A,v
3ZOS_A,CIDO,-0.67728341,-0.785422529,0.979460557,40.40322327,21.64538537,7.122256279,10.06352425,0.995925427,0,3ZOS_A,v
4AGW_A,CIDO,-0.784252282,-0.910542394,0.844482346,61.87617619,32.11989494,8.096837044,8.573581696,0.930964686,0,4AGW_A,v
4ASD_A,CIDO,-0.711615629,-0.753198832,0.971347994,37.59195777,17.79369591,6.559609413,9.999786377,0.99265466,0,4ASD_A,v
4AT4_A,CIDO,-0.69436539,-0.624343744,0.966000936,38.96971134,29.84892577,8.741603851,12.27781868,0.937104707,0,4AT4_A,v
4BKJ_A,CIDO,-0.739476768,-0.847622089,0.970319134,41.45494704,20.35073279,7.083451271,10.31107998,0.991878237,0,4BKJ_A,v
4EEV_A,CIDO,-0.791981118,-0.781070259,0.719701549,72.41912138,49.3920386,9.518015862,10.24089432,0.81493069,0,4EEV_A,v
4EQU_A,CIDO,-0.810135785,-0.924323593,0.978358895,36.59939648,27.76108285,8.269010544,9.741256714,0.996775339,0,4EQU_A,v
4EYJ_A,CIDO,-0.76573617,-0.833227455,0.984355874,34.07468929,32.58564276,7.168377876,9.071840286,0.990735187,0,4EYJ_A,v
4F7N_A,CIDO,-0.836105424,-0.864218106,0.980500446,23.41055499,32.53576104,7.134852886,9.742883682,0.97748921,0,4F7N_A,v
4H1J_A,CIDO,-0.664375689,-0.797021407,0.931822127,44.23542139,22.81643496,6.901611805,10.36865139,0.962563732,0,4H1J_A,v
4JVG_A,CIDO,-0.896552467,-0.900194282,0.979441931,31.9604718,25.80357565,7.356327534,9.593276024,0.980058749,0,4JVG_A,v
4K9Y_A,CIDO,-0.804390969,-0.920556857,0.974142622,40.88280091,32.40433734,6.737434864,9.441106796,0.992893226,0,4K9Y_A,v
4KAO_A,CIDO,-0.817254703,-0.907162344,0.955401386,39.6739575,32.50473057,6.684753895,9.467557907,0.979438166,0,4KAO_A,v
4KSQ_A,CIDO,-0.906372093,-0.937204068,0.993402755,31.72316154,23.21094111,7.216808319,9.869684219,0.999569199,0,4KSQ_A,v
4NEU_A,CIDO,-0.72716265,-0.820244261,0.963263951,39.33846407,29.50168592,6.684921741,9.755339622,0.985385972,0,4NEU_A,v
5AR7_A,CIDO,-0.838677158,-0.883634037,0.977934199,35.12631153,25.77097365,6.60663271,9.464687347,0.988643,0,5AR7_A,v
5BVK_A,CIDO,-0.728561197,-0.819424728,0.969830643,44.60186412,23.76151494,7.122506142,10.10479355,0.997305777,0,5BVK_A,v
5BVN_A,CIDO,-0.741777194,-0.845787269,0.987192679,45.45493046,26.34349381,7.859628677,9.73483181,0.999987926,0,5BVN_A,v
5FDP_A,CIDO,-0.736912818,-0.843486198,0.989225293,44.0284171,28.42406248,8.175792694,10.13057899,0.998153195,0,5FDP_A,v
5FDX_A,CIDO,-0.754625761,-0.864379301,0.980082916,47.27785518,28.04729362,8.142038345,10.44640636,0.99960853,0,5FDX_A,v
1FMK_A,CODI,0.914938613,0.886154899,0.502287996,82.11775982,69.13322319,14.19355297,12.62196159,0.490730004,0,1FMK_A,v
1G5S_A,CODI,0.887716873,0.914667368,0.154348625,97.21390204,81.6417219,14.81126213,13.32626724,0.063563795,0,1G5S_A,v
1H00_A,CODI,0.842986056,0.751891611,0.20196263,95.61515811,74.87476058,14.91068935,12.94843197,0.303597263,0,1H00_A,v
1KE5_A,CODI,0.84281082,0.638099747,0.016455199,105.6504025,87.38860899,15.58393574,13.22522163,-0.026340161,0,1KE5_A,v
1OIT_A,CODI,0.815472033,0.770841712,0.176272465,96.48455303,70.30108669,14.88817883,13.06778431,0.32323926,0,1OIT_A,v
1PXL_A,CODI,0.740918801,0.837005593,0.034590304,106.3935746,80.85358467,15.35154724,12.74080944,-0.101721464,0,1PXL_A,v
1XKK_A,CODI,0.901533461,0.878098055,0.527244273,75.92370051,50.2867343,12.89340591,11.96606159,0.415220067,0,1XKK_A,v
2DS1_A,CODI,0.824585737,0.800733824,0.085346063,103.6564836,84.15927936,15.48005772,12.88916111,0.050340729,0,2DS1_A,v
2R3O_A,CODI,0.793969137,0.766040955,0.245720941,95.44238023,64.93789948,15.33054733,12.71324348,0.120148541,0,2R3O_A,v
2UZO_A,CODI,0.849853413,0.746062808,0.18554478,94.76867872,64.16194847,14.89697266,13.03828907,0.084033241,0,2UZO_A,v
2VTS_A,CODI,0.785724912,0.793580009,0.141680944,99.82222476,80.76565905,16.58728409,12.75131798,0.128305228,0,2VTS_A,v
3BBT_B,CODI,0.839414668,0.817731455,0.214267146,87.63461467,76.38489202,14.53890228,13.04101181,0.244456974,0,3BBT_B,v
3DB6_A,CODI,0.991474766,0.995759609,0.95411896,51.04859544,20.53256751,10.87735653,8.774605751,0.990087342,0,3DB6_A,v
3DJ6_A,CODI,0.028917403,0.663351627,0.471927596,83.51808694,45.344951,13.53550243,12.53542995,0.63139467,0,3DJ6_A,v
3EFK_A,CODI,0.94708756,0.898125978,0.644237657,73.50340695,49.39350326,13.02592278,11.28876972,0.775754582,0,3EFK_A,v
3F5P_A,CODI,0.926667019,0.996462182,0.87541939,66.23602574,34.84343154,10.57295895,9.814002037,0.892232265,0,3F5P_A,v
3QQL_A,CODI,0.830762156,0.822069857,-0.158344738,117.8193002,94.08243338,16.5141983,12.90157413,-0.189890427,0,3QQL_A,v
3QZF_A,CODI,0.727648067,0.796814593,-0.057754102,111.1989926,90.58040905,15.88726521,12.88688946,-0.180593143,0,3QZF_A,v
3R28_A,CODI,0.79277256,0.771381492,-0.162416892,115.3227175,94.09816374,17.01394844,13.14034271,0.005868238,0,3R28_A,v
3RCD_A,CODI,0.89226198,0.85629988,0.84507822,55.53423504,37.67551951,11.99163437,10.99665546,0.87019633,0,3RCD_A,v
3SLS_A,CODI,0.938685796,0.884708805,-0.239166004,115.7835892,94.74891338,17.29245186,13.93324947,-0.10107439,0,3SLS_A,v
3TI1_A,CODI,0.910258859,0.889536385,-0.376041823,129.410317,106.1822714,16.86288834,14.38456535,-0.178100063,0,3TI1_A,v
3TUC_A,CODI,0.806305124,0.61068681,0.643549642,61.86096506,44.47959895,11.57639217,12.49953938,0.763876187,0,3TUC_A,v
3U6I_A,CODI,0.890353609,0.830338528,0.650519368,69.23222819,48.54523426,12.53288841,11.29889965,0.755585126,0,3U6I_A,v
3ULI_A,CODI,0.921606454,0.914270615,0.232669048,94.43226179,68.5897545,14.30169296,13.51532745,0.101117169,0,3ULI_A,v
4AUA_A,CODI,0.930757707,0.952788432,0.525394858,75.53853801,57.35495117,12.07253456,12.2658329,0.680174845,0,4AUA_A,v
4G31_A,CODI,0.327662088,0.884818458,0.523568082,81.59269188,58.41695479,13.34439945,13.20456028,0.692809787,0,4G31_A,v
4LUD_A,CODI,0.772370844,0.709482409,0.587435,76.47251911,54.7912167,12.85635662,11.20921326,0.466398031,0,4LUD_A,v
4MNE_A,CODI,0.69198576,0.82963395,-0.188681201,111.0561202,93.26270444,16.63758469,14.05411339,-0.046034138,0,4MNE_A,v
4OTR_A,CODI,0.693595695,0.690388065,0.041436399,111.5847314,89.14551417,16.87766457,13.6807766,0.235915499,0,4OTR_A,v
4RJ3_A,CODI,0.768488079,0.788357144,-0.0628329,112.5569486,89.90027148,16.11335754,12.76124382,-0.092856363,0,4RJ3_A,v
4U3Y_A,CODI,0.924303807,0.1741348,0.137527763,86.79585184,92.84563435,14.83341408,13.15047836,0.047898018,0,4U3Y_A,v
4YBK_A,CODI,0.730171134,0.766432865,0.718408033,68.85590495,45.23048504,14.00971985,11.66274548,0.612055094,0,4YBK_A,v
4YHF_A,CODI,0.740725846,0.751501338,0.124783379,110.4955132,85.61196293,16.58634377,14.54316616,0.411626949,0,4YHF_A,v
5FBN_C,CODI,0.788177751,0.746478141,0.36488668,93.58189914,53.90689329,14.72572613,12.51546669,0.233317326,0,5FBN_C,v
5FD2_A,CODI,0.929735727,0.919310011,0.639632176,73.14925011,59.69446831,12.75272083,12.24522305,0.69649288,0,5FD2_A,v
5HOR_A,CODI,0.991201828,0.947437029,0.665083577,64.5230572,44.10305729,11.30592728,13.44386768,0.560968623,0,5HOR_A,v
5KUP_A,CODI,0.755142245,0.703035494,0.168052397,107.3395141,90.68496427,17.28316689,14.4873333,0.31218453,0,5KUP_A,v
1G3N_A,CODO,-0.650878781,-0.802057439,0.60847775,68.85806529,55.58175803,12.0170536,12.39354324,0.733055662,0,1G3N_A,v
2C6E_A,CODO,-0.92242384,-0.989345681,0.80645421,65.99833429,27.83500625,11.74441624,8.729219437,0.725300685,0,2C6E_A,v
2XK8_A,CODO,-0.873623782,-0.92955004,0.509117599,83.66708183,62.10526346,12.85772514,11.30690384,0.658013288,0,2XK8_A,v
3CE3_A,CODO,-0.778357021,-0.751099836,0.700988814,82.31704998,38.88890285,11.51253128,10.17548656,0.758663532,0,3CE3_A,v
3EFJ_A,CODO,-0.668578531,-0.731531164,0.716942209,67.35024874,41.53096134,13.21206379,10.60871887,0.748888069,0,3EFJ_A,v
3LQ8_A,CODO,-0.710694751,-0.687118814,0.803975871,66.33474558,47.61210855,8.403829575,8.952388763,0.894194216,0,3LQ8_A,v
3NAX_A,CODO,-0.757269366,-0.902002134,0.47688923,89.08815586,74.83296296,15.13063526,14.10757542,0.446222313,0,3NAX_A,v
3QC4_A,CODO,-0.805011724,-0.937463586,-0.414331389,130.4450705,142.892391,19.5845108,17.86500931,-0.624606164,0,3QC4_A,v
3VW8_A,CODO,-0.678543712,-0.651338289,0.755198736,68.85042136,44.90903996,7.928287983,8.124335289,0.843700145,0,3VW8_A,v
4I1Z_A,CODO,-0.634442911,-0.839529148,0.787027283,59.93065251,31.64494863,12.68978977,9.67917347,0.896417039,0,4I1Z_A,v
4ITH_A,CODO,-0.697216726,-0.824979579,0.649967285,63.77941501,50.55905637,13.26043034,14.1729784,0.642698058,0,4ITH_A,v
4ITI_A,CODO,-0.770144175,-0.860546168,0.701540137,60.88368671,47.17225209,12.6932869,14.19973946,0.675988034,0,4ITI_A,v
4ITJ_A,CODO,-0.714719302,-0.859645855,0.605543278,68.87482941,51.71533907,12.99755287,13.66907215,0.639572494,0,4ITJ_A,v
4JAI_A,CODO,-0.373782373,-0.750594984,0.665297236,79.37528629,38.55971094,12.35438919,9.234261513,0.755848323,0,4JAI_A,v
4MXC_A,CODO,-0.639157667,-0.660799205,0.744024424,69.9551032,46.45245202,8.876867294,9.170450211,0.843455426,0,4MXC_A,v
4TPT_A,CODO,-0.722760857,-0.836694386,0.393356778,90.34865244,63.37750367,17.85701561,14.82948685,0.571718964,0,4TPT_A,v
4X7J_A,CODO,-0.58468662,-0.745267143,0.616233118,82.91532764,49.22477144,12.06933117,10.58420181,0.753354458,0,4X7J_A,v
4X7K_A,CODO,-0.711032172,-0.772671254,0.662766744,79.82788545,47.53735276,11.88981915,10.59575081,0.68479601,0,4X7K_A,v
4X7L_A,CODO,-0.710021173,-0.76733275,0.675043394,79.21909147,47.24075945,11.79053879,10.58018684,0.69885459,0,4X7L_A,v
4X7N_A,CODO,-0.722471214,-0.779243295,0.661218693,79.38213751,47.69001895,11.75687218,10.62796021,0.688350866,0,4X7N_A,v
4ZJI_A,CODO,-0.700195683,-0.805087682,0.568936138,68.70665684,53.51309321,12.40667248,13.52070808,0.670484743,0,4ZJI_A,v
4ZJJ_A,CODO,-0.740784458,-0.830344899,0.472346613,71.40900356,56.44875104,13.09084225,14.29200554,0.594168641,0,4ZJJ_A,v
5DE2_A,CODO,-0.767184973,-0.863639998,0.510099682,92.2172396,63.78867558,12.81915188,13.5486021,0.575356501,0,5DE2_A,v
5HG5_A,CODO,-0.696366464,-0.853030583,0.270678394,82.34072673,73.21131855,15.08292675,13.5098362,0.422868655,0,5HG5_A,v
5HG7_A,CODO,-0.749494034,-0.889234614,0.593316735,63.79306539,48.39037887,12.13450241,13.36084461,0.505954285,0,5HG7_A,v
5HG8_A,CODO,-0.696491336,-0.858338126,0.271564922,81.84241953,71.95583082,15.13644218,13.70319271,0.421876808,0,5HG8_A,v
5HG9_A,CODO,-0.729843835,-0.882895764,0.214124494,85.8417994,76.30274465,14.25368404,13.45903969,0.361836001,0,5HG9_A,v
5HX6_A,CODO,-0.80875677,-0.904131962,0.581067705,69.60384564,49.80489415,15.19626331,13.34654331,0.57067147,0,5HX6_A,v
5KMO_A,CODO,-0.742991777,-0.840023836,0.830747259,60.63346575,38.93878183,10.36525726,11.27850151,0.840879817,0,5KMO_A,v
1I44_A,WCD,0.932030855,-0.274550972,0.652325469,72.22531914,55.64772344,9.992231369,9.520723343,0.767893435,2,1I44_A,v
1M52_A,WCD,0.184732671,-0.950981733,0.947762334,43.95263159,39.83125554,6.854986191,7.993217945,0.983917602,2,1M52_A,v
1Y6B_A,WCD,-0.195515398,-0.562211208,0.983688928,38.92594824,40.29580788,6.90056324,9.596487045,0.998555692,2,1Y6B_A,v
2GTM_A,WCD,-0.013051122,0.881526156,0.984012177,30.32947158,36.87701363,7.524776459,8.081643105,0.986936514,2,2GTM_A,v
2JAV_A,WCD,-0.476241655,0.410136245,0.569427478,82.28941518,70.31384406,12.91990376,10.2970686,0.594566832,2,2JAV_A,v
2RF9_A,WCD,-0.732559588,-0.852189541,0.732909134,60.2639029,43.90445739,13.42410183,9.090686798,0.806167467,2,2RF9_A,v
2W5B_A,WCD,-0.127138632,-0.31870995,0.489785038,81.640812,62.3159274,14.12234783,12.0143795,0.578295167,2,2W5B_A,v
3CKW_A,WCD,0.925659985,-0.902475649,0.935688674,47.61351174,20.12178161,8.80959034,8.348767281,0.976562526,2,3CKW_A,v
3EFW_A,WCD,0.46834922,-0.070448601,0.82661453,65.96336231,35.75940307,13.47655869,9.86302948,0.842931292,2,3EFW_A,v
3ET7_A,WCD,0.248481741,-0.985210565,0.92972527,50.1405119,23.2142692,7.124528408,7.438671112,0.98298842,2,3ET7_A,v
3FME_A,WCD,-0.581527359,-0.938658321,-0.194938889,102.9739932,94.57875515,17.05273628,13.80318928,-0.165632425,2,3FME_A,v
3FZR_A,WCD,0.28582105,-0.960351653,0.927968446,52.43255103,27.66858798,7.319542408,7.274719715,0.984903497,2,3FZR_A,v
3PIY_A,WCD,-0.186882244,0.835054117,0.794659999,70.5248802,69.14129459,10.71891403,9.066360474,0.850940839,2,3PIY_A,v
3W10_A,WCD,-0.217602368,0.417230709,0.781659571,71.21000533,34.70255904,11.7726202,9.434027672,0.889821523,2,3W10_A,v
3W8Q_A,WCD,-0.43659024,0.058692045,-0.254436264,114.9711597,98.04710686,16.10898972,14.18943501,-0.114564631,2,3W8Q_A,v
4AT5_A,WCD,-0.723531041,-0.480200718,0.934977546,42.51832332,28.2412769,8.566930771,12.39003468,0.944955516,2,4AT5_A,v
4FG8_A,WCD,0.935953089,-0.180920665,0.351448426,89.62086029,66.98108149,14.81197643,13.40001869,0.467192105,2,4FG8_A,v
4NUS_A,WCD,0.242185637,-0.840889124,0.916830077,55.52870727,35.90953484,9.093182564,6.333953857,0.974456524,2,4NUS_A,v
4OLI_A,WCD,-0.097017186,-0.213085439,0.227046402,40.45596661,19.33901479,6.582135201,8.14862442,0.206270599,2,4OLI_A,v
4UMU_A,WCD,-0.810372914,0.560562093,0.652321008,85.29366128,45.56651983,12.73725128,8.68802166,0.613033633,2,4UMU_A,v
5D9K_A,WCD,0.151088792,-0.86645003,0.921936203,57.11959863,40.87776536,9.458669662,7.497172356,0.917206676,2,5D9K_A,v
5D9L_A,WCD,0.219192102,-0.864483278,0.906336145,54.7491657,69.5140972,7.854958534,8.051773071,0.841411486,2,5D9L_A,v
5KMI_A,WCD,-0.215468726,-0.366951403,0.846019157,52.65831172,48.90162547,9.039023399,12.49823475,0.89191731,2,5KMI_A,v
5KMJ_A,WCD,-0.153708203,-0.303655468,0.954354876,38.16981975,29.84538624,8.206841469,13.01472473,0.961080718,2,5KMJ_A,v
5KMK_A,WCD,-0.152532793,-0.324234731,0.734878301,58.57342728,50.93814787,9.509996414,12.95029545,0.790017686,2,5KMK_A,v
5KML_A,WCD,-0.169220241,-0.338721689,0.79291944,58.23721484,48.89478171,9.789072037,12.74871826,0.8506595,2,5KML_A,v
5KMM_A,WCD,-0.151403767,-0.305717083,0.774909549,56.72178701,49.40730997,9.26006031,12.94155884,0.843996153,2,5KMM_A,v
5KMN_A,WCD,-0.184044026,-0.330168107,0.794115283,58.65187113,49.32899092,9.773735046,12.93657112,0.857511924,2,5KMN_A,v
5L6O_A,WCD,-0.365324409,0.652735123,0.805347573,67.33779376,47.55353986,9.035567284,8.770075798,0.885863571,2,5L6O_A,v
5L6P_A,WCD,-0.212179192,0.561774555,0.813150396,67.19759748,48.75168352,9.179013252,8.973611832,0.886487762,2,5L6P_A,v
5TO8_A,WCD,0.380192495,-0.985027591,0.775013478,67.24996484,50.0020712,10.28631878,8.437109947,0.854054385,2,5TO8_A,v
5kaw_A,CIDI,0.966805642,0.993245162,0.958546164,39.41794192,22.97360456,6.399688721,8.01529026,0.977080979,0,5kaw_A,v