Group,p1p1x,p2p2x,h_cgvc,ang_NHs,ang_CHs,dist_NH,dist_CH,h_scvc,V10
1ATP_E,cidi,0.943924248,0.889582634,1,30.99932806,30.60815986,11.50149536,8.163104057,1,1
1JKK_A,cidi,0.955293238,0.91660583,0.981969547,36.0830332,19.92458542,11.64112186,8.65489006,0.99904123,1
1M2P_A,cidi,0.913944364,0.932335854,0.988612717,29.99916299,20.93740437,11.99712372,8.564091682,0.994069571,1
1OL1_A,cidi,0.881297708,0.885594606,0.950742414,27.71446442,25.87736742,11.28632164,7.092386246,0.962453567,1
1OUY_A,cidi,0.502661169,0.871814847,0.995787805,26.41036119,32.09685928,11.86328697,8.793808937,0.982013437,1
1P38_A,cidi,0.335490942,0.739513695,0.99708605,18.21818476,50.39029102,12.50868797,9.72371006,0.983265837,1
1PKG_A,cidi,0.905858636,0.92008239,0.98212418,29.32706895,26.76715587,10.33069229,7.419613838,0.95310502,1
1YI6_A,cidi,0.883001685,0.932835102,0.994691137,17.33575476,22.5616719,10.90532303,6.564118862,0.986211371,1
2BDF_A,cidi,0.289743066,0.920463502,0.941439076,41.03462117,14.40319824,10.82546806,7.046482086,0.972979295,1
2BDJ_A,cidi,0.452312261,0.939899266,0.949986261,42.87096347,12.52885911,10.77329063,7.557844162,0.983871701,1
2C5V_A,cidi,0.859820187,0.88875556,0.928749272,31.74614762,7.055425189,11.46258736,7.134141922,0.959860267,1
2DQ7_X,cidi,0.935097635,0.919000983,0.915030337,33.70104168,18.40046663,10.37088776,8.227056503,0.971622837,1
2F4J_A,cidi,0.286022127,0.934614539,0.951358698,41.1357869,30.39088408,10.67049599,8.303371429,0.980186441,1
2FB8_A,cidi,0.877500951,0.933459461,0.961858129,47.0861193,16.16455777,11.41238499,8.581277847,0.983146596,1
2NRU_A,cidi,0.874775171,0.943085015,0.93924058,31.36309745,44.02618122,11.66418457,7.255918503,0.944366245,1
2UW9_A,cidi,0.479978353,0.935603142,0.990714452,26.00688486,13.90605959,11.55390739,7.223581791,0.996421126,1
2X2L_A,cidi,0.240984574,0.925671041,0.923752213,35.26156807,16.20905642,9.968402863,7.190125465,0.941067248,1
2YN8_A,cidi,0.869575679,0.900541961,0.962297401,29.54747556,19.4316689,10.3556757,8.100955009,0.983076385,1
2ZOQ_A,cidi,0.453413457,0.923325598,0.980468643,35.29663759,17.44226729,11.87401295,7.279101849,0.997926451,1
3ANR_A,cidi,0.92367214,0.913361549,0.952328396,31.29977367,20.86401673,11.45969296,7.923924923,0.978589786,1
3CGF_A,cidi,0.829982579,0.543992043,0.976296806,11.42885236,44.74143222,12.1723547,6.771460056,0.990989432,1
3CJG_A,cidi,0.67640543,0.934786618,0.955634195,44.20186412,49.19416789,10.01288891,9.246592522,0.993762166,1
3KCF_A,cidi,0.946355224,0.909504652,0.909262926,37.31492326,10.06657781,10.98659229,7.095072269,0.900134712,1
3LCK_A,cidi,0.916638076,0.937307358,0.935399088,59.5754448,8.202417004,11.39444065,8.255753517,0.97462845,1
3RCD_A,cidi,0.753466368,0.805631399,0.84507822,117.2817865,65.88269675,14.90034485,10.99665546,0.87019633,1
3RWP_A,cidi,0.862126529,0.928638756,0.993743075,37.66462661,19.78456905,11.19686699,7.52035284,0.988394734,1
3UP2_A,cidi,0.906724632,0.919425726,0.963084887,49.77643923,27.98093995,12.77589417,8.260416985,0.992622028,1
3VJO_A,cidi,0.902457356,0.917253613,0.91999109,30.70587329,19.41236904,11.99602318,8.069332123,0.976410911,1
4BB4_A,cidi,0.862403452,0.910500884,0.94471777,26.66557919,17.82462564,10.56323719,7.351230621,0.960318488,1
4CLI_A,cidi,0.944463193,0.938667178,0.989506523,29.66968631,40.80138644,10.73308277,8.695364952,0.98672994,1
4FV7_A,cidi,0.941007733,0.906201005,0.991843066,25.77337858,15.03671697,11.92758465,7.641268253,0.998811985,1
4G6L_A,cidi,0.325081021,0.79633826,0.992285657,20.29345876,32.94019865,11.95319366,9.396727562,0.996811315,1
4IWD_A,cidi,0.880852401,0.940630078,0.983466125,20.8831212,30.20236486,9.938191414,7.989510059,0.989454018,1
4JBO_A,cidi,0.955895543,0.913735449,0.927024665,33.93275635,16.81305302,13.21702576,7.703858376,0.96400081,1
4JS8_A,cidi,0.860670149,0.703603387,0.930104637,50.95833291,17.79582579,12.44271374,7.627810001,0.888683569,1
4KKE_A,cidi,0.855169296,0.580460429,0.904451121,44.15012222,42.39535652,12.29954624,6.903086662,0.924570934,1
4L43_A,cidi,0.542517006,0.906266928,0.990822268,32.24253994,10.39940399,11.94598293,8.206707954,0.993140428,1
4MNE_B,cidi,0.928923845,0.916846335,0.991526582,43.19932789,22.67651321,11.30968094,9.161402702,0.995687433,1
4RRV_A,cidi,0.886139572,0.92674166,0.96584032,28.77681083,14.43173175,11.26733208,7.414607525,0.970967649,1
4WNO_A,cidi,0.321264267,0.901868165,0.909986333,57.73813808,23.01688177,10.47156525,7.290670395,0.942710994,1
5AIR_A,cidi,0.874271095,0.917436898,0.986349038,40.07558153,22.81398956,11.27800751,8.948571205,0.99752366,1
5AV1_A,cidi,0.932392418,0.922990859,0.989601664,36.9733494,21.85285485,11.8680582,8.80786705,0.999882688,1
5EYK_A,cidi,0.961193681,0.926216245,0.919912523,57.66792407,23.7118767,13.54392433,8.351932526,0.964764909,1
1CKI_A,cidi,0.933533549,0.92913717,0.921315851,26.03296765,16.04138832,10.94648743,7.664031029,0.958505962,1
1EH4_A,cidi,0.951318741,0.902801454,0.928859529,23.67078173,18.74072442,10.58068562,7.240621567,0.975494221,1
1J91_A,cidi,0.933749855,0.922578752,0.990538784,37.55987078,24.67124117,11.72873306,8.682810783,0.99581244,1
1M2Q_A,cidi,0.872175932,0.931356788,0.995687657,48.369089,25.98245598,11.88416672,8.634356499,0.993958752,1
1QPE_A,cidi,0.503309548,0.92697978,0.932916981,27.76524212,18.03704725,10.7512455,7.868350983,0.971898749,1
1STC_E,cidi,0.971540749,0.930314898,0.998576291,40.93889426,36.72528082,11.58629704,7.656857491,0.987141681,1
1UKI_A,cidi,0.864606321,0.4376598,0.9802355,20.68873617,54.55891745,11.67724705,8.39548111,0.997410358,1
1ZRZ_A,cidi,0.963940322,0.911137819,0.982467394,17.25972968,25.5880946,11.18264866,7.910636902,0.981762293,1
2B7A_A,cidi,0.841524839,0.939750969,0.949249027,38.36511951,21.14155217,10.96415997,9.092849731,0.980639062,1
2BZJ_A,cidi,0.935247779,0.904219866,0.947246372,32.5920596,15.10170791,11.50691032,8.168372154,0.956294149,1
2E9V_A,cidi,0.905283093,0.912836671,0.980624501,44.4978139,34.12218942,11.41066647,8.098643303,0.997333898,1
2HXL_A,cidi,0.944603026,0.927762985,0.977316182,31.79605998,26.82202441,11.32367611,8.148457527,0.994573506,1
2ITZ_A,cidi,0.724110544,0.939703882,0.933782698,41.50956135,23.1724939,10.6802454,7.717351437,0.984076546,1
2NO3_A,cidi,0.867898464,0.93511343,0.992624766,19.74422994,30.64656263,11.07656574,7.00353241,0.991732193,1
2P33_A,cidi,0.87752986,0.554447174,0.977821054,8.087160311,44.87685747,11.89839363,7.051096439,0.984959946,1
2QKR_A,cidi,0.917885005,0.913767397,0.953746891,20.7732015,22.36884941,11.25365067,7.716846466,0.982577633,1
2WTC_A,cidi,0.937070251,0.923318923,0.960499382,41.03468088,11.5743534,11.86598396,7.750517845,0.982499958,1
2XBJ_A,cidi,0.936523378,0.926633358,0.954485403,44.98161261,5.475002311,12.26730347,8.060048103,0.984123915,1
2YCR_A,cidi,0.94840169,0.925285578,0.946798472,41.01588118,13.81064431,12.77770042,8.269980431,0.978257217,1
2Z60_A,cidi,0.929339349,0.934870303,0.950002251,40.46238308,30.05831922,10.35967064,8.777217865,0.986721163,1
3A4O_X,cidi,0.947820246,0.908152878,0.88870944,78.65927629,25.46803603,11.39228153,8.246055603,0.962354265,1
3BGP_A,cidi,0.944743156,0.920696795,0.980334062,34.77987634,24.46299832,11.19978905,7.838185787,0.980155995,1
3CQW_A,cidi,0.390578628,0.931300879,0.9776144,28.16206124,18.7775762,11.32653046,7.182522774,0.986614493,1
3DB6_A,cidi,0.940262258,0.92943424,0.95411896,53.4060361,25.24371815,14.09639168,8.774605751,0.990087342,1
3DLS_A,cidi,0.932690263,0.923086882,0.987533326,43.74001515,12.41956035,11.10832214,7.864964485,0.985929418,1
3F5P_A,cidi,0.895548165,0.938933194,0.87541939,48.67131118,41.29870441,13.53946018,9.814002037,0.892232265,1
3FXW_A,cidi,0.875943482,0.90404284,0.992910234,28.36550505,43.31129091,11.02522469,7.837993622,0.99777734,1
3GEQ_A,cidi,0.353781968,0.936514616,0.957007409,44.54240629,12.18514365,10.45899296,7.742856503,0.983686899,1
3IOK_A,cidi,0.845920563,0.939431906,0.955199334,49.38425114,24.30905147,11.22864819,9.044763565,0.972968952,1
3KF7_A,cidi,0.264465779,0.65009743,0.995181757,10.80373433,44.29320423,11.55889797,8.061372757,0.995880999,1
3LVP_A,cidi,0.959333897,0.924416304,0.821060367,68.3794491,36.47098598,11.42700672,8.879541397,0.8923824,1
3MY1_A,cidi,0.903286695,0.899032354,0.992368731,41.73926971,22.85255457,11.64309597,8.704752922,0.998233006,1
3NYN_A,cidi,0.512044013,0.903925836,0.940050058,38.45708564,11.28360145,10.95885086,7.312989235,0.975121549,1
3OOG_A,cidi,0.944310546,0.901715279,0.984735182,27.91667504,20.18404364,11.6622057,7.876873493,0.998110173,1
3Q32_A,cidi,0.862432957,0.939727664,0.935069278,39.86011786,22.54867233,10.90090847,9.248828888,0.975925265,1
3RI1_A,cidi,0.904725313,0.929627597,0.945399617,36.9567614,19.32092322,10.31035042,8.487885475,0.978232042,1
3VBT_A,cidi,0.379563987,0.899584889,0.97391158,38.84333162,22.30735709,11.26857948,8.085194588,0.97587036,1
3ZEW_A,cidi,0.856346011,0.933453083,0.913332304,63.39604219,9.201536493,10.69105434,7.902584076,0.965394872,1
4AE6_A,cidi,0.933216631,0.917484641,0.974724269,56.44821713,16.67530383,12.5623827,8.856679916,0.994962559,1
4BKZ_A,cidi,0.916263521,0.913618088,0.936518712,41.70115565,10.20518177,12.0171051,6.862640858,0.963546584,1
4CFM_A,cidi,0.917486548,0.893532157,0.975411142,28.32140534,13.67134964,11.36965275,7.761564732,0.981501669,1
4DFN_A,cidi,0.930124283,0.932415247,0.960060101,31.30191286,26.74837646,11.48202133,8.347855568,0.984964528,1
4EHZ_A,cidi,0.82629931,0.938673139,0.93813598,42.91463087,10.94432775,10.35682011,8.928915977,0.968927575,1
4F9Y_A,cidi,0.519535363,0.672592819,0.997945412,16.359108,32.24857931,12.02534389,8.142096519,0.993452041,1
4FTC_A,cidi,0.909383178,0.924669445,0.985637328,38.85707091,24.4730313,11.21567631,8.117031097,0.994731463,1
4GMY_A,cidi,0.858696342,0.903884947,0.961499377,35.37208336,23.59855347,11.04275322,8.889142036,0.980005454,1
4II5_A,cidi,0.91584301,0.898672819,0.980646166,27.60126097,19.55879175,11.4460535,7.759003639,0.993632239,1
4JDK_A,cidi,0.452061504,0.914992929,0.967735277,45.65735731,40.58763575,10.13107491,8.381022453,0.990272163,1
4NH1_A,cidi,0.911086679,0.939856708,0.983455883,36.07929646,19.80161051,11.78111267,8.564646721,0.996708238,1
4QP1_A,cidi,0.930092335,0.915273845,0.917719332,36.7549686,16.65735217,12.6871233,6.895583153,0.955362576,1
4TYH_A,cidi,0.437696844,0.881620049,0.951304612,19.02429539,47.72612904,13.01892948,9.101160049,0.940813189,1
4W9X_A,cidi,0.931553006,0.940515101,0.976958976,40.15946112,11.22372571,11.4212513,8.06511879,0.986996032,1
4XG8_A,cidi,0.403261721,0.926935315,0.98039204,45.720486,24.68887091,10.98103142,7.919599056,0.994710556,1
5AP3_A,cidi,0.876924515,0.693525851,0.921684639,44.83690098,11.71657546,13.18980885,7.62944746,0.88269285,1
5C8N_A,cidi,0.940513074,0.928227782,0.95917916,37.26943751,26.20495114,11.18212318,7.772334099,0.992306173,1
5DR9_A,cidi,0.408337623,0.792477012,0.923757064,38.04522558,15.69783217,13.40111446,8.422544479,0.970951281,1
5J1V_A,cidi,0.940920293,0.940461218,0.901809639,16.47577912,22.93027265,11.34589958,7.512708664,0.937120909,1
5KHW_A,cidi,0.93463999,0.936722577,0.958546164,NA,NA,NA,NA,0.977080979,1
5KHX_A,cidi,0.858759999,0.939132452,0.950767591,NA,NA,NA,NA,0.981860222,1
5KZ0_A,cidi,0.950087905,0.934066951,0.935783931,NA,NA,NA,NA,0.980581228,1
5L3A_A,cidi,0.932448208,0.929621339,0.966731859,NA,NA,NA,NA,0.989546488,1
5LMA_A,cidi,0.34665677,0.920149446,0.973646761,NA,NA,NA,NA,0.995067367,1
5LMB_A,cidi,0.345077634,0.929413378,0.967589372,NA,NA,NA,NA,0.99099934,1
5LWN_A,cidi,0.940111518,0.883441865,0.983474462,NA,NA,NA,NA,0.992696104,1
5T68_A,cidi,0.863501072,0.935426593,0.938740667,NA,NA,NA,NA,0.977387671,1
5TOZ_A,cidi,0.918302238,0.917218268,0.978488192,NA,NA,NA,NA,0.994656294,1
5TR6_A,cidi,0.268323362,0.93045944,0.959207847,NA,NA,NA,NA,0.988632889,1
5TT7_A,cidi,0.298381656,0.928765237,0.960876565,NA,NA,NA,NA,0.988832715,1
1UWH_A,cido,-0.813381195,-0.859346628,0.987718848,31.10341174,15.93752973,11.05325222,9.34426403,0.987906878,0
2BAJ_A,cido,-0.696459413,-0.605157912,0.990545304,16.04656161,43.62965441,11.11393929,9.658080101,0.998620371,0
2HZ0_A,cido,-0.724597991,-0.61329174,0.966202686,57.95170429,24.7254193,10.5161047,10.02543831,0.990587591,0
2OFV_A,cido,-0.639659286,-0.738199234,0.912209586,53.12802245,9.077690981,10.74165058,9.949567795,0.942301023,0
2OG8_A,cido,-0.629606426,-0.722672403,0.974787566,41.15454522,18.88930453,10.30643272,10.09935665,0.991727493,0
2OH4_A,cido,-0.519375026,-0.459967434,0.982976351,16.22564301,42.25309898,9.995007515,10.0429821,0.996511522,0
2P2I_A,cido,-0.665932775,-0.669086277,0.97069631,33.21234517,12.60818181,10.20760345,9.892422676,0.996297572,0
2PL0_A,cido,-0.683918118,-0.733611822,0.95172213,89.25311328,11.86083494,10.77737808,9.755108833,0.977992422,0
2QU5_A,cido,-0.760173321,-0.727419078,0.969678629,80.65458684,21.98453838,10.5529871,9.465154648,0.993234715,0
2YIY_A,cido,-0.754473329,-0.829948902,0.98274,15.9258663,42.3879955,10.25887108,9.606235504,0.994070982,0
3DKO_A,cido,-0.80706656,-0.851122558,0.965518988,31.74045823,30.2664807,10.62289429,9.21303463,0.98831056,0
3ETA_A,cido,-0.782667398,-0.761188626,0.86176765,40.08551036,21.92636171,10.78079796,9.986609459,0.91906832,0
3EWH_A,cido,-0.754335225,-0.7142151,0.979754065,22.48742993,36.64556363,10.57458401,10.2729578,0.996462752,0
3F82_A,cido,-0.704025567,-0.580711126,0.67269074,71.42512886,49.84765038,12.28653336,10.15226364,0.777227377,0
3FZT_A,cido,-0.588797629,-0.732795358,0.931345958,26.36160109,58.54111164,10.40856361,10.36965275,0.965592892,0
3GCV_A,cido,-0.7739923,-0.717969298,0.998627264,30.1996359,33.71845281,11.74198914,10.23220539,0.986115426,0
3HV5_A,cido,-0.828602672,-0.731375277,0.999974338,30.04164743,21.30744651,11.3432169,10.21407413,0.991908851,0
3II5_A,cido,-0.823624909,-0.86153996,0.996052011,23.53984538,33.39695964,11.72580147,10.06053257,0.995300928,0
3KQ7_A,cido,-0.752707958,-0.701817691,0.998207966,30.97080328,34.30965524,11.46912766,10.01372814,0.984595832,0
3L8V_A,cido,-0.727631629,-0.590809941,0.707867618,76.21114149,47.8309078,11.30783558,9.283633232,0.783091627,0
3NPC_A,cido,-0.813919961,-0.532223821,0.971491252,16.89623361,48.57342454,11.46730995,9.450329781,0.969794404,0
3O23_A,cido,-0.756748676,-0.046247654,0.768384165,96.40116494,48.85132364,12.31539536,12.47776127,0.824563691,0
3QRK_A,cido,-0.706735849,-0.74689424,0.982987867,26.75700024,40.14751502,10.51141834,9.57094574,0.99452134,0
3TUB_A,cido,-0.70447284,-0.731955767,0.975433009,14.48649616,32.93544185,10.99877071,9.5900383,0.989476574,0
3UGC_A,cido,-0.632990599,-0.54463774,0.985687601,33.30311369,23.25681407,11.03854561,9.730197906,0.997464402,0
3ZOS_A,cido,-0.652138889,-0.721328735,0.979460557,79.57915463,12.88916832,10.69396496,10.06352425,0.995925427,0
4ASD_A,cido,-0.685016036,-0.638059199,0.971347994,90.30621152,22.15269567,10.14244366,9.999786377,0.99265466,0
4AT4_A,cido,-0.627720416,-0.537086427,0.966000936,60.85940528,82.72669395,11.89149094,12.27781868,0.937104707,0
4BKJ_A,cido,-0.706011355,-0.798805654,0.970319134,56.392855,11.75337077,10.65445614,10.31107998,0.991878237,0
4EEV_A,cido,-0.760582685,-0.682716906,0.719701549,38.22112167,34.39788835,11.73240852,10.24089432,0.81493069,0
4EQU_A,cido,-0.787080705,-0.870215833,0.978358895,24.94519644,31.79711162,11.64242458,9.741256714,0.996775339,0
4EYJ_A,cido,-0.71871233,-0.624164999,0.984355874,22.53821447,42.08936353,11.16579437,9.071840286,0.990735187,0
4F7N_A,cido,-0.781988919,-0.811620653,0.980500446,15.41620279,45.30731929,11.45899582,9.742883682,0.97748921,0
4H1J_A,cido,-0.602776051,-0.749384046,0.931822127,30.3650071,59.60131215,10.28168297,10.36865139,0.962563732,0
4JVG_A,cido,-0.831736684,-0.84252882,0.979441931,43.82078645,32.67219022,10.74994183,9.593276024,0.980058749,0
4K9Y_A,cido,-0.780802011,-0.859528303,0.974142622,19.06097846,28.66564675,10.26124096,9.441106796,0.992893226,0
1WBN_A,cido,-0.763948679,-0.668824196,0.99939802,29.69326014,29.97925793,11.79475975,10.45957851,0.986675977,0
4KSQ_A,cido,-0.844102025,-0.883876026,0.993402755,29.04404468,28.3530891,11.07995605,9.869684219,0.999569199,0
5KMO_A,cido,-0.694849133,-0.78631556,0.830747259,NA,NA,NA,NA,0.840879817,0
2H6D_A,cido,-0.580338597,-0.771848023,0.716730902,64.35563066,53.33090967,13.0176897,11.40232468,0.833880931,0
2P4I_A,cido,-0.668029845,-0.768212855,0.9562085,31.50821642,101.9452725,10.57506847,12.19420815,0.999632088,0
2RL5_A,cido,-0.720827997,-0.730309248,0.96653257,89.97420888,13.76127933,10.39065838,10.00512981,0.992858901,0
2YZA_A,cido,-0.691332936,-0.820221722,0.699232582,59.24881349,53.0447506,13.10112762,11.46970654,0.821380696,0
3CTH_A,cido,-0.663049757,-0.54455477,0.932785176,30.97828967,38.14884853,11.97778797,9.851938248,0.929686041,0
3CTJ_A,cido,-0.643146813,-0.509877086,0.890931032,28.60943778,60.71825239,10.71467876,10.40093136,0.966759119,0
3DZQ_A,cido,-0.742103815,-0.820429146,0.986124577,41.89531844,34.26691376,11.30933189,9.505019188,0.998657178,0
3EL7_A,cido,-0.588705957,-0.743005574,0.973299583,36.51852079,19.81502778,10.93873119,8.230212212,0.993347482,0
3EL8_A,cido,-0.531174004,-0.711829901,0.982566905,33.06084822,25.26247402,10.96382809,8.628147125,0.994540373,0
3TUD_A,cido,-0.695435345,-0.75568229,0.952532211,17.39457228,30.43909788,11.53878117,10.74890423,0.980360115,0
3U6J_A,cido,-0.58307457,-0.510491192,0.933581932,34.86995891,33.56774503,10.02769375,9.693480492,0.980213684,0
4AGW_A,cido,-0.755654216,-0.854978085,0.844482346,53.39070938,31.2955834,10.73353386,8.573581696,0.930964686,0
4KAO_A,cido,-0.777448714,-0.854642212,0.955401386,17.16994072,30.8963255,10.46630859,9.467557907,0.979438166,0
4NEU_A,cido,-0.616973877,-0.717689991,0.963263951,17.90619406,45.02129253,10.06133366,9.755339622,0.985385972,0
5AR7_A,cido,-0.796012938,-0.744066,0.977934199,19.28029794,34.02045242,10.18937778,9.464687347,0.988643,0
5BVK_A,cido,-0.684062839,-0.764007509,0.969830643,40.29312019,32.00154629,10.79883957,10.10479355,0.997305777,0
5BVN_A,cido,-0.702110052,-0.792928219,0.987192679,40.1314284,29.5700049,11.09838104,9.73483181,0.999987926,0
5FDP_A,cido,-0.694862902,-0.772581339,0.989225293,44.94398824,37.13965855,11.29223537,10.13057899,0.998153195,0
5FDX_A,cido,-0.725521088,-0.793017566,0.980082916,34.16885878,45.59258224,11.48676586,10.44640636,0.99960853,0
1FMK_A,codi,0.321196735,0.742123723,0.502287996,98.87899184,72.24942571,15.20024109,12.62196159,0.490730004,1
1XKK_A,codi,0.530250132,0.794344842,0.527244273,126.6434146,79.3573502,14.92537022,11.96606159,0.415220067,1
2DS1_A,codi,0.759286523,0.404858589,0.085346063,123.1330813,114.1873893,16.12074661,12.88916111,0.050340729,1
3BBT_B,codi,0.274685085,0.753898621,0.214267146,131.928893,101.8112971,15.67587662,13.04101181,0.244456974,1
3DJ6_A,codi,0.025714861,0.625411868,0.471927596,152.3988561,85.44923477,14.88910007,12.53542995,0.63139467,1
3EFK_A,codi,0.715110183,0.834160686,0.644237657,84.14356287,51.11898927,14.83746815,11.28876972,0.775754582,1
3QZF_A,codi,0.2386453,0.508717597,-0.057754102,142.3583137,123.0148235,16.31081009,12.88688946,-0.180593143,1
3TI1_A,codi,0.777813554,0.765366316,-0.376041823,124.8483181,101.1473214,16.54575729,14.38456535,-0.178100063,1
3TUC_A,codi,0.317461103,0.484883159,0.643549642,33.1274309,51.07159409,13.8827467,12.49953938,0.763876187,1
3U6I_A,codi,0.349766612,0.760152221,0.650519368,53.67230139,41.40553846,14.09652424,11.29889965,0.755585126,1
4G31_A,codi,0.318337262,0.812427402,0.523568082,157.8571105,102.9305416,14.8885355,13.20456028,0.692809787,1
4MNE_A,codi,0.206904292,0.752698898,-0.188681201,122.7893724,145.315132,16.24351501,14.05411339,-0.046034138,1
4U3Y_A,codi,0.897785962,0.164225489,0.137527763,118.5418563,138.6945393,15.45978737,13.15047836,0.047898018,1
4YBK_A,codi,0.233277828,0.70881182,0.718408033,104.9130421,64.17743208,16.32233429,11.66274548,0.612055094,1
5FD2_A,codi,0.81858933,0.830000818,0.639632176,83.7042423,70.75311942,14.38856316,12.24522305,0.69649288,1
1G5S_A,codi,0.758189142,0.809873939,0.154348625,93.88864952,75.24169985,15.94877529,13.32626724,0.063563795,1
1H00_A,codi,0.277871907,0.492351532,0.20196263,96.15093041,74.85977077,16.22120094,12.94843197,0.303597263,1
1KE5_A,codi,0.317322403,0.575119436,0.016455199,106.9214303,87.5495783,16.06008148,13.22522163,-0.026340161,1
1OIT_A,codi,0.287015766,0.498142153,0.176272465,134.117314,112.8705969,16.33721924,13.06778431,0.32323926,1
1PXL_A,codi,0.207376182,0.471994281,0.034590304,105.028451,78.11399236,15.93755722,12.74080944,-0.101721464,1
2R3O_A,codi,0.253224224,0.443392158,0.245720941,91.76203406,63.04869099,16.24681091,12.71324348,0.120148541,1
2UZO_A,codi,0.137945905,0.535580158,0.18554478,97.54021398,67.28956575,16.39752769,13.03828907,0.084033241,1
2VTS_A,codi,0.246677473,0.443456471,0.141680944,135.1524093,115.5545698,16.24697685,12.75131798,0.128305228,1
3QQL_A,codi,0.381147981,0.482150108,-0.158344738,114.8822718,93.1874423,16.74241638,12.90157413,-0.189890427,1
3R28_A,codi,0.309368461,0.562281549,-0.162416892,135.8426063,108.0285767,16.77175903,13.14034271,0.005868238,1
3SLS_A,codi,0.256715864,0.812615812,-0.239166004,114.7898271,104.9971157,16.44128418,13.93324947,-0.10107439,1
3ULI_A,codi,0.77932936,0.636854649,0.232669048,151.9779079,117.7891688,15.87785625,13.51532745,0.101117169,1
4AUA_A,codi,0.660085201,0.879623175,0.525394858,66.52860698,49.71028012,13.99230099,12.2658329,0.680174845,1
4LUD_A,codi,0.595519781,0.618011177,0.587435,138.1997639,90.57954934,15.09648228,11.20921326,0.466398031,1
4OTR_A,codi,0.154625505,0.648678362,0.041436399,128.6377931,101.1099202,16.63468742,13.6807766,0.235915499,1
4RJ3_A,codi,0.278709501,0.45140025,-0.0628329,136.51945,117.2707771,16.43146706,12.76124382,-0.092856363,1
4YHF_A,codi,0.264306694,0.6954422,0.124783379,161.4606178,114.1490649,17.88585663,14.54316616,0.411626949,1
4ZP5_A,codi,0.81546241,0.728766084,0.755085235,76.7450711,105.5670785,11.80918026,10.80461979,0.823553592,1
5FBN_C,codi,0.219167843,0.692918122,0.36488668,145.8584987,81.75580419,16.18387985,12.51546669,0.233317326,1
5HOR_A,codi,0.918547153,0.83366555,0.665083577,168.6495197,122.680531,13.88145638,13.44386768,0.560968623,1
5KUP_A,codi,0.150022045,0.659155548,0.168052397,NA,NA,NA,NA,0.31218453,1
2C6E_A,codo,-0.842363417,-0.901680112,0.80645421,46.53290673,21.18766122,14.39592361,8.729219437,0.725300685,0
3EFJ_A,codo,-0.579169452,-0.620721459,0.716942209,76.7920155,52.8772037,15.03708935,10.60871887,0.748888069,0
3NAX_A,codo,-0.729446471,-0.816253245,0.47688923,153.2354608,114.8029674,18.0377903,14.10757542,0.446222313,0
3QC4_A,codo,-0.775798321,-0.779041052,-0.414331389,134.6518296,143.2195322,19.80260658,17.86500931,-0.624606164,0
4JAI_A,codo,-0.349751234,-0.705877781,0.665297236,77.96290935,42.94905936,14.34281445,9.234261513,0.755848323,0
4I1Z_A,codo,-0.592794538,-0.536535382,0.787027283,105.5022826,51.22893602,15.15087223,9.67917347,0.896417039,0
1G3N_A,codo,-0.589114487,-0.748198926,0.60847775,62.86992203,47.62836069,12.87158203,12.39354324,0.733055662,0
2XK8_A,codo,-0.810894132,-0.735939682,0.509117599,81.1583293,83.00363721,14.21494865,11.30690384,0.658013288,0
3CE3_A,codo,-0.743928194,-0.610194087,0.700988814,79.620009,34.92074188,11.98808575,10.17548656,0.758663532,0
3LQ8_A,codo,-0.682301164,-0.569300115,0.803975871,49.94532526,43.92934324,10.99872017,8.952388763,0.894194216,0
3VW8_A,codo,-0.652876556,-0.557026982,0.755198736,46.95256907,36.63727747,10.30811787,8.124335289,0.843700145,0
4ITH_A,codo,-0.636996686,-0.759117842,0.649967285,121.8683542,119.4627466,15.19568539,14.1729784,0.642698058,0
4ITI_A,codo,-0.706611454,-0.80344677,0.701540137,144.4791346,128.615811,16.39996147,14.19973946,0.675988034,0
4ITJ_A,codo,-0.653236389,-0.782246709,0.605543278,107.9749597,141.3779973,15.45021152,13.66907215,0.639572494,0
4MXC_A,codo,-0.620590627,-0.583477139,0.744024424,61.5807285,49.01316992,11.23227882,9.170450211,0.843455426,0
4TPT_A,codo,-0.678583741,-0.761642873,0.393356778,154.4823209,125.4219578,16.96226692,14.82948685,0.571718964,0
4X7J_A,codo,-0.546162248,-0.688026607,0.616233118,126.9238595,75.118164,13.52250671,10.58420181,0.753354458,0
4X7K_A,codo,-0.655355453,-0.708134651,0.662766744,107.7989342,64.43734445,13.52494431,10.59575081,0.68479601,0
4X7L_A,codo,-0.650868952,-0.697742522,0.675043394,110.873192,66.58982384,13.48086357,10.58018684,0.69885459,0
4X7N_A,codo,-0.663604498,-0.708803535,0.661218693,60.15566318,19.56345418,13.45285988,10.62796021,0.688350866,0
4ZJI_A,codo,-0.630761564,-0.737740934,0.568936138,145.8091139,97.83672742,13.66519833,13.52070808,0.670484743,0
4ZJJ_A,codo,-0.671678185,-0.762855887,0.472346613,162.8092798,111.6172887,14.23103142,14.29200554,0.594168641,0
5DE2_A,codo,-0.728233337,-0.804782033,0.510099682,137.3257971,85.0830773,14.18304634,13.5486021,0.575356501,0
5HG5_A,codo,-0.674754739,-0.790234923,0.270678394,47.4384672,74.16628382,15.16928482,13.5098362,0.422868655,0
5HG7_A,codo,-0.725131512,-0.833136797,0.593316735,160.8097354,117.9700049,14.99825668,13.36084461,0.505954285,0
5HG8_A,codo,-0.672298193,-0.799613893,0.271564922,138.9704366,146.8099227,15.23550129,13.70319271,0.421876808,0
5HG9_A,codo,-0.705118299,-0.827712953,0.214124494,153.4621441,138.0730362,15.02973747,13.45903969,0.361836001,0
5HX6_A,codo,-0.717737019,-0.841401696,0.581067705,111.2334114,122.4909119,16.21167183,13.34654331,0.57067147,0
2RF9_A,other,-0.701913238,-0.791699231,0.732909134,98.63686036,53.70857549,14.29148483,9.090686798,0.806167467,2
4AT5_A,other,-0.690686285,-0.180788785,0.934977546,78.51718444,56.65322733,11.63262939,12.39003468,0.944955516,2
1I44_A,other,0.891538918,-0.247822553,0.652325469,40.78390938,57.04882707,11.47772408,9.520723343,0.767893435,2
1M52_A,other,0.117093891,-0.839146376,0.947762334,40.96871839,36.77256162,10.59094429,7.993217945,0.983917602,2
1Y6B_A,other,-0.181361616,-0.52993089,0.983688928,41.17344072,52.70337376,10.21143627,9.596487045,0.998555692,2
2GTM_A,other,-0.01261784,0.831287026,0.984012177,36.16659932,26.52704426,11.53778076,8.081643105,0.986936514,2
2JAV_A,other,-0.462670028,0.366510332,0.569427478,57.93132775,80.71685207,13.77256298,10.2970686,0.594566832,2
2W5B_A,other,-0.123132661,-0.18590048,0.489785038,96.43000569,73.70045069,14.48567867,12.0143795,0.578295167,2
3EFW_A,other,0.424560845,-0.060815372,0.82661453,72.9361271,23.83991259,14.69163322,9.86302948,0.842931292,2
3PIY_A,other,-0.132359058,0.774840713,0.794659999,73.34760285,82.78849507,12.76725769,9.066360474,0.850940839,2
3W10_A,other,-0.201740459,0.390559644,0.781659571,65.98221261,37.609359,14.23088551,9.434027672,0.889821523,2
4UMU_A,other,-0.782959163,0.528247595,0.652321008,88.05677815,45.94515654,14.15649891,8.68802166,0.613033633,2
5KMI_A,other,-0.209206447,-0.346021265,0.846019157,NA,NA,NA,NA,0.89191731,2
5KMJ_A,other,-0.149231821,-0.286400765,0.954354876,NA,NA,NA,NA,0.961080718,2
5KMK_A,other,-0.148042873,-0.30581066,0.734878301,NA,NA,NA,NA,0.790017686,2
5KML_A,other,-0.164332271,-0.319472432,0.79291944,NA,NA,NA,NA,0.8506595,2
5KMM_A,other,-0.146792889,-0.288286686,0.774909549,NA,NA,NA,NA,0.843996153,2
5KMN_A,other,-0.178686708,-0.311406881,0.794115283,NA,NA,NA,NA,0.857511924,2
5L6O_A,other,-0.35316354,0.605437458,0.805347573,NA,NA,NA,NA,0.885863571,2
5L6P_A,other,-0.205887035,0.526538014,0.813150396,NA,NA,NA,NA,0.886487762,2
5TO8_A,other,0.369233757,-0.342637718,0.775013478,NA,NA,NA,NA,0.854054385,2
3CKW_A,other,0.435523301,-0.846221328,0.935688674,30.20533572,32.04291982,12.3716898,8.348767281,0.976562526,2
3ET7_A,other,0.241374075,-0.608228028,0.92972527,55.77988266,18.07959506,10.69139576,7.438671112,0.98298842,2
3FME_A,other,-0.450909495,-0.752356887,-0.194938889,154.4018031,119.2647292,17.28200531,13.80318928,-0.165632425,2
3FZR_A,other,0.274890065,-0.633770227,0.927968446,55.7316508,29.5182906,10.72182083,7.274719715,0.984903497,2
3W8Q_A,other,-0.396561444,0.052798368,-0.254436264,98.27931947,123.0230203,16.69721985,14.18943501,-0.114564631,2
4FG8_A,other,0.879878461,-0.151375622,0.351448426,108.0423198,68.41533589,15.98465633,13.40001869,0.467192105,2
4NUS_A,other,0.235213548,-0.756215334,0.916830077,35.28232837,22.92570451,12.06506729,6.333953857,0.974456524,2
4OLI_A,other,-0.087641284,-0.197660819,0.227046402,15.73675266,9.300863675,10.51255035,8.14862442,0.206270599,2
5D9K_A,other,0.146761134,-0.787138581,0.921936203,84.80530687,47.05790663,12.19772243,7.497172356,0.917206676,2
5D9L_A,other,0.212799907,-0.767452717,0.906336145,57.55072677,73.09904656,10.3049345,8.051773071,0.841411486,2
